batch,rec,dir,cond,scenario,breed,dog_id,has_human,n_frames,win_start,win_end
08,录制_08_201802_01,08__录制_08_201802_01,01,S1,beagle,08_201802,0,4167,,
08,录制_08_201802_02,08__录制_08_201802_02,02,S2,beagle,08_201802,1,1770,125.0,1640.0
08,录制_08_201802_03,08__录制_08_201802_03,03,S3,beagle,08_201802,1,2021,127.0,1893.0
08,录制_08_201806_01,08__录制_08_201806_01,01,S1,beagle,08_201806,0,3883,,
08,录制_08_201806_02,08__录制_08_201806_02,02,S2,beagle,08_201806,1,1731,122.0,1618.0
08,录制_08_201806_03,08__录制_08_201806_03,03,S3,beagle,08_201806,1,2043,119.0,1911.0
08,录制_08_201810_01,08__录制_08_201810_01,01,S1,beagle,08_201810,0,4036,,
08,录制_08_201810_02,08__录制_08_201810_02,02,S2,beagle,08_201810,1,1736,115.0,1620.0
08,录制_08_201810_03,08__录制_08_201810_03,03,S3,beagle,08_201810,1,2047,115.0,1925.0
08,录制_08_202001_01,08__录制_08_202001_01,01,S1,beagle,08_202001,0,4074,,
08,录制_08_202001_02,08__录制_08_202001_02,02,S2,beagle,08_202001,1,1721,118.0,1555.0
08,录制_08_202001_03,08__录制_08_202001_03,03,S3,beagle,08_202001,1,1954,128.0,1839.0
08,录制_08_202003_01,08__录制_08_202003_01,01,S1,beagle,08_202003,0,3902,,
08,录制_08_202003_02,08__录制_08_202003_02,02,S2,beagle,08_202003,1,1616,112.0,1478.0
08,录制_08_202003_03,08__录制_08_202003_03,03,S3,beagle,08_202003,1,1931,17.0,1800.0
08,录制_08_202004_01,08__录制_08_202004_01,01,S1,beagle,08_202004,0,4102,,
08,录制_08_202004_02,08__录制_08_202004_02,02,S2,beagle,08_202004,1,1688,113.0,1577.0
08,录制_08_202004_03,08__录制_08_202004_03,03,S3,beagle,08_202004,1,1983,130.0,1847.0
08,录制_08_202005_01,08__录制_08_202005_01,01,S1,beagle,08_202005,0,3910,,
08,录制_08_202005_02,08__录制_08_202005_02,02,S2,beagle,08_202005,1,1685,137.0,1563.0
08,录制_08_202005_03,08__录制_08_202005_03,03,S3,beagle,08_202005,1,1922,130.0,1810.0
08,录制_08_202103_01,08__录制_08_202103_01,01,S1,beagle,08_202103,0,4380,,
08,录制_08_202103_02,08__录制_08_202103_02,02,S2,beagle,08_202103,1,1625,121.0,1497.0
08,录制_08_202103_03,08__录制_08_202103_03,03,S3,beagle,08_202103,1,2061,110.0,1932.0
08,录制_08_202206_01,08__录制_08_202206_01,01,S1,beagle,08_202206,0,4267,,
08,录制_08_202206_02,08__录制_08_202206_02,02,S2,beagle,08_202206,1,1707,113.0,1590.0
08,录制_08_202206_03,08__录制_08_202206_03,03,S3,beagle,08_202206,1,1852,120.0,1730.0
08,录制_08_202208_01,08__录制_08_202208_01,01,S1,beagle,08_202208,0,4366,,
08,录制_08_202208_02,08__录制_08_202208_02,02,S2,beagle,08_202208,1,1527,120.0,1404.0
08,录制_08_202208_03,08__录制_08_202208_03,03,S3,beagle,08_202208,1,2047,139.0,1917.0
08,录制_08_202403_01,08__录制_08_202403_01,01,S1,beagle,08_202403,0,4332,,
08,录制_08_202403_02,08__录制_08_202403_02,02,S2,beagle,08_202403,1,1714,120.0,1600.0
08,录制_08_202403_03,08__录制_08_202403_03,03,S3,beagle,08_202403,1,1993,126.0,1855.0
09,录制_09_080083_01,09__录制_09_080083_01,01,S1,beagle,09_080083,0,4157,,
09,录制_09_080083_02,09__录制_09_080083_02,02,S2,beagle,09_080083,1,1592,131.0,1466.0
09,录制_09_080083_03,09__录制_09_080083_03,03,S3,beagle,09_080083,1,2194,136.0,2074.0
09,录制_09_084532_01,09__录制_09_084532_01,01,S1,beagle,09_084532,0,4063,,
09,录制_09_084532_02,09__录制_09_084532_02,02,S2,beagle,09_084532,1,1804,132.0,1664.0
09,录制_09_084532_03,09__录制_09_084532_03,03,S3,beagle,09_084532,1,2013,123.0,1874.0
09,录制_09_088962_01,09__录制_09_088962_01,01,S1,beagle,09_088962,0,4198,,
09,录制_09_088962_02,09__录制_09_088962_02,02,S2,beagle,09_088962,1,1676,119.0,1530.0
09,录制_09_088962_03,09__录制_09_088962_03,03,S3,beagle,09_088962,1,1824,118.0,1689.0
09,录制_09_089541_01,09__录制_09_089541_01,01,S1,beagle,09_089541,0,4066,,
09,录制_09_089541_02,09__录制_09_089541_02,02,S2,beagle,09_089541,1,1698,115.0,1575.0
09,录制_09_089541_03,09__录制_09_089541_03,03,S3,beagle,09_089541,1,2045,133.0,1930.0
09,录制_09_089792_01,09__录制_09_089792_01,01,S1,beagle,09_089792,0,4178,,
09,录制_09_089792_02,09__录制_09_089792_02,02,S2,beagle,09_089792,1,1663,126.0,1550.0
09,录制_09_089792_03,09__录制_09_089792_03,03,S3,beagle,09_089792,1,1897,132.0,1776.0
09,录制_09_090879_01,09__录制_09_090879_01,01,S1,beagle,09_090879,0,3860,,
09,录制_09_090879_02,09__录制_09_090879_02,02,S2,beagle,09_090879,1,1780,112.0,1654.0
09,录制_09_090879_03,09__录制_09_090879_03,03,S3,beagle,09_090879,1,1910,147.0,1780.0
09,录制_09_091967_01,09__录制_09_091967_01,01,S1,beagle,09_091967,0,4331,,
09,录制_09_091967_02,09__录制_09_091967_02,02,S2,beagle,09_091967,1,1601,133.0,1484.0
09,录制_09_091967_03,09__录制_09_091967_03,03,S3,beagle,09_091967,1,2136,122.0,2011.0
09,录制_09_200703_01,09__录制_09_200703_01,01,S1,beagle,09_200703,0,4211,,
09,录制_09_200703_02,09__录制_09_200703_02,02,S2,beagle,09_200703,1,1586,118.0,1475.0
09,录制_09_200703_03,09__录制_09_200703_03,03,S3,beagle,09_200703,1,1938,116.0,1819.0
09,录制_09_201804_01,09__录制_09_201804_01,01,S1,beagle,09_201804,0,4060,,
09,录制_09_201804_02,09__录制_09_201804_02,02,S2,beagle,09_201804,1,1652,126.0,1536.0
09,录制_09_201804_03,09__录制_09_201804_03,03,S3,beagle,09_201804,1,2038,132.0,1910.0
09,录制_09_202102_01,09__录制_09_202102_01,01,S1,beagle,09_202102,0,4007,,
09,录制_09_202102_02,09__录制_09_202102_02,02,S2,beagle,09_202102,1,1610,111.0,1464.0
09,录制_09_202102_03,09__录制_09_202102_03,03,S3,beagle,09_202102,1,1755,110.0,1607.0
09,录制_09_202104_01,09__录制_09_202104_01,01,S1,beagle,09_202104,0,4026,,
09,录制_09_202104_02,09__录制_09_202104_02,02,S2,beagle,09_202104,1,1630,114.0,1480.0
09,录制_09_202104_03,09__录制_09_202104_03,03,S3,beagle,09_202104,1,1805,116.0,1646.0
10,录制_10_083505_01,10__录制_10_083505_01,01,S1,beagle,10_083505,0,4286,,
10,录制_10_083505_02,10__录制_10_083505_02,02,S2,beagle,10_083505,1,1598,88.0,1466.0
10,录制_10_083505_03,10__录制_10_083505_03,03,S3,beagle,10_083505,1,2220,136.0,2067.0
10,录制_10_084689_01,10__录制_10_084689_01,01,S1,beagle,10_084689,0,4065,,
10,录制_10_084689_02,10__录制_10_084689_02,02,S2,beagle,10_084689,1,1663,108.0,1542.0
10,录制_10_084689_03,10__录制_10_084689_03,03,S3,beagle,10_084689,1,1734,80.0,1626.0
10,录制_10_085567_01,10__录制_10_085567_01,01,S1,beagle,10_085567,0,4109,,
10,录制_10_085567_02,10__录制_10_085567_02,02,S2,beagle,10_085567,1,1663,122.0,1543.0
10,录制_10_085567_03,10__录制_10_085567_03,03,S3,beagle,10_085567,1,1753,103.0,1615.0
10,录制_10_096328_01,10__录制_10_096328_01,01,S1,beagle,10_096328,0,4143,,
10,录制_10_096328_02,10__录制_10_096328_02,02,S2,beagle,10_096328,1,1785,125.0,1623.0
10,录制_10_096328_03,10__录制_10_096328_03,03,S3,beagle,10_096328,1,1953,125.0,1800.0
10,录制_10_200101_01,10__录制_10_200101_01,01,S1,beagle,10_200101,0,4228,,
10,录制_10_200101_02,10__录制_10_200101_02,02,S2,beagle,10_200101,1,1609,30.0,1476.0
10,录制_10_200101_03,10__录制_10_200101_03,03,S3,beagle,10_200101,1,1696,15.0,1562.0
10,录制_10_200201_01,10__录制_10_200201_01,01,S1,beagle,10_200201,0,3879,,
10,录制_10_200201_02,10__录制_10_200201_02,02,S2,beagle,10_200201,1,1562,49.0,1441.0
10,录制_10_200201_03,10__录制_10_200201_03,03,S3,beagle,10_200201,1,2114,103.0,1955.0
10,录制_10_200203_01,10__录制_10_200203_01,01,S1,beagle,10_200203,0,4001,,
10,录制_10_200203_02,10__录制_10_200203_02,02,S2,beagle,10_200203,1,1685,99.0,1574.0
10,录制_10_200203_03,10__录制_10_200203_03,03,S3,beagle,10_200203,1,1772,32.0,1640.0
10,录制_10_200205_01,10__录制_10_200205_01,01,S1,beagle,10_200205,0,3983,,
10,录制_10_200205_02,10__录制_10_200205_02,02,S2,beagle,10_200205,1,1644,100.0,1490.0
10,录制_10_200205_03,10__录制_10_200205_03,03,S3,beagle,10_200205,1,1825,105.0,1681.0
10,录制_10_200207_01,10__录制_10_200207_01,01,S1,beagle,10_200207,0,4253,,
10,录制_10_200207_02,10__录制_10_200207_02,02,S2,beagle,10_200207,1,1687,121.0,1550.0
10,录制_10_200207_03,10__录制_10_200207_03,03,S3,beagle,10_200207,1,2155,126.0,2027.0
11,录制_11_080474_01,11__录制_11_080474_01,01,S1,beagle,11_080474,0,4436,,
11,录制_11_080474_02,11__录制_11_080474_02,02,S2,beagle,11_080474,1,1671,109.0,1524.0
11,录制_11_080474_03,11__录制_11_080474_03,03,S3,beagle,11_080474,1,1898,125.0,1753.0
11,录制_11_080487_01,11__录制_11_080487_01,01,S1,beagle,11_080487,0,4168,,
11,录制_11_080487_02,11__录制_11_080487_02,02,S2,beagle,11_080487,1,1571,99.0,1444.0
11,录制_11_080487_03,11__录制_11_080487_03,03,S3,beagle,11_080487,1,1815,106.0,1681.0
11,录制_11_083898_01,11__录制_11_083898_01,01,S1,beagle,11_083898,0,4122,,
11,录制_11_083898_02,11__录制_11_083898_02,02,S2,beagle,11_083898,1,1652,112.0,1515.0
11,录制_11_083898_03,11__录制_11_083898_03,03,S3,beagle,11_083898,1,1821,89.0,1698.0
11,录制_11_085141_01,11__录制_11_085141_01,01,S1,beagle,11_085141,0,4318,,
11,录制_11_085141_02,11__录制_11_085141_02,02,S2,beagle,11_085141,1,1721,102.0,1592.0
11,录制_11_085141_03,11__录制_11_085141_03,03,S3,beagle,11_085141,1,1852,109.0,1741.0
11,录制_11_088616_01,11__录制_11_088616_01,01,S1,beagle,11_088616,0,4327,,
11,录制_11_088616_02,11__录制_11_088616_02,02,S2,beagle,11_088616,1,1665,112.0,1545.0
11,录制_11_088616_03,11__录制_11_088616_03,03,S3,beagle,11_088616,1,1960,104.0,1840.0
11,录制_11_088997_01,11__录制_11_088997_01,01,S1,beagle,11_088997,0,4113,,
11,录制_11_088997_02,11__录制_11_088997_02,02,S2,beagle,11_088997,1,1645,119.0,1515.0
11,录制_11_088997_03,11__录制_11_088997_03,03,S3,beagle,11_088997,1,1729,105.0,1590.0
11,录制_11_089603_01,11__录制_11_089603_01,01,S1,beagle,11_089603,0,4452,,
11,录制_11_089603_02,11__录制_11_089603_02,02,S2,beagle,11_089603,1,1829,128.0,1711.0
11,录制_11_089603_03,11__录制_11_089603_03,03,S3,beagle,11_089603,1,1950,109.0,1783.0
11,录制_11_201704_01,11__录制_11_201704_01,01,S1,beagle,11_201704,0,4158,,
11,录制_11_201704_02,11__录制_11_201704_02,02,S2,beagle,11_201704,1,1797,121.0,1674.0
11,录制_11_201704_03,11__录制_11_201704_03,03,S3,beagle,11_201704,1,2052,114.0,1916.0
