rec,win_start,win_end
录制_08_201802_01,,
录制_08_201802_02,125.0,1640.0
录制_08_201802_03,127.0,1893.0
录制_08_201806_01,,
录制_08_201806_02,122.0,1618.0
录制_08_201806_03,119.0,1911.0
录制_08_201810_01,,
录制_08_201810_02,115.0,1620.0
录制_08_201810_03,115.0,1925.0
录制_08_202001_01,,
录制_08_202001_02,118.0,1555.0
录制_08_202001_03,128.0,1839.0
录制_08_202003_01,,
录制_08_202003_02,112.0,1478.0
录制_08_202003_03,17.0,1800.0
录制_08_202004_01,,
录制_08_202004_02,113.0,1577.0
录制_08_202004_03,130.0,1847.0
录制_08_202005_01,,
录制_08_202005_02,137.0,1563.0
录制_08_202005_03,130.0,1810.0
录制_08_202103_01,,
录制_08_202103_02,121.0,1497.0
录制_08_202103_03,110.0,1932.0
录制_08_202206_01,,
录制_08_202206_02,113.0,1590.0
录制_08_202206_03,120.0,1730.0
录制_08_202208_01,,
录制_08_202208_02,120.0,1404.0
录制_08_202208_03,139.0,1917.0
录制_08_202403_01,,
录制_08_202403_02,120.0,1600.0
录制_08_202403_03,126.0,1855.0
录制_09_080083_01,,
录制_09_080083_02,131.0,1466.0
录制_09_080083_03,136.0,2074.0
录制_09_084532_01,,
录制_09_084532_02,132.0,1664.0
录制_09_084532_03,123.0,1874.0
录制_09_088962_01,,
录制_09_088962_02,119.0,1530.0
录制_09_088962_03,118.0,1689.0
录制_09_089541_01,,
录制_09_089541_02,115.0,1575.0
录制_09_089541_03,133.0,1930.0
录制_09_089792_01,,
录制_09_089792_02,126.0,1550.0
录制_09_089792_03,132.0,1776.0
录制_09_090879_01,,
录制_09_090879_02,112.0,1654.0
录制_09_090879_03,147.0,1780.0
录制_09_091967_01,,
录制_09_091967_02,133.0,1484.0
录制_09_091967_03,122.0,2011.0
录制_09_200703_01,,
录制_09_200703_02,118.0,1475.0
录制_09_200703_03,116.0,1819.0
录制_09_201804_01,,
录制_09_201804_02,126.0,1536.0
录制_09_201804_03,132.0,1910.0
录制_09_202102_01,,
录制_09_202102_02,111.0,1464.0
录制_09_202102_03,110.0,1607.0
录制_09_202104_01,,
录制_09_202104_02,114.0,1480.0
录制_09_202104_03,116.0,1646.0
录制_10_083505_01,,
录制_10_083505_02,88.0,1466.0
录制_10_083505_03,136.0,2067.0
录制_10_084689_01,,
录制_10_084689_02,108.0,1542.0
录制_10_084689_03,80.0,1626.0
录制_10_085567_01,,
录制_10_085567_02,122.0,1543.0
录制_10_085567_03,103.0,1615.0
录制_10_096328_01,,
录制_10_096328_02,125.0,1623.0
录制_10_096328_03,125.0,1800.0
录制_10_200101_01,,
录制_10_200101_02,30.0,1476.0
录制_10_200101_03,15.0,1562.0
录制_10_200201_01,,
录制_10_200201_02,49.0,1441.0
录制_10_200201_03,103.0,1955.0
录制_10_200203_01,,
录制_10_200203_02,99.0,1574.0
录制_10_200203_03,32.0,1640.0
录制_10_200205_01,,
录制_10_200205_02,100.0,1490.0
录制_10_200205_03,105.0,1681.0
录制_10_200207_01,,
录制_10_200207_02,121.0,1550.0
录制_10_200207_03,126.0,2027.0
录制_11_080474_01,,
录制_11_080474_02,109.0,1524.0
录制_11_080474_03,125.0,1753.0
录制_11_080487_01,,
录制_11_080487_02,99.0,1444.0
录制_11_080487_03,106.0,1681.0
录制_11_083898_01,,
录制_11_083898_02,112.0,1515.0
录制_11_083898_03,89.0,1698.0
录制_11_085141_01,,
录制_11_085141_02,102.0,1592.0
录制_11_085141_03,109.0,1741.0
录制_11_088616_01,,
录制_11_088616_02,112.0,1545.0
录制_11_088616_03,104.0,1840.0
录制_11_088997_01,,
录制_11_088997_02,119.0,1515.0
录制_11_088997_03,105.0,1590.0
录制_11_089603_01,,
录制_11_089603_02,128.0,1711.0
录制_11_089603_03,109.0,1783.0
录制_11_201704_01,,
录制_11_201704_02,121.0,1674.0
录制_11_201704_03,114.0,1916.0
